Date,Forward Premia of US$ 1-month (%),Forward Premia of US$ 3-month (%),Forward Premia of US$ 6-month (%),Reverse Repo Rate (%),Marginal Standing Facility (MSF) Rate (%),Bank Rate (%),Base Rate (%),91-Day Treasury Bill (Primary) Yield (%),182-Day Treasury Bill (Primary) Yield (%),364-Day Treasury Bill (Primary) Yield (%),10-Year G-Sec Yield (FBIL) (%),Cash Reserve Ratio (%),Statutory Liquidity Ratio (%),Policy Repo Rate (%),Standing Deposit Facility (SDF) Rate (%),"Foreign Exchange Reserves 
(US $ Million)"
08-11-2024,1.4538,1.588,1.921,3.35,6.75,6.75,9.1,6.4437,6.628,6.5991,6.77,4.5,18,6.5,6.25,675653.218
01-11-2024,1.3965,1.6401,1.9959,3.35,6.75,6.75,9.1,6.5116,6.6404,6.5991,6.81,4.5,18,6.5,6.25,682129.956
25-10-2024,1.4943,1.6911,2.012,3.35,6.75,6.75,9.1,6.4797,6.597,6.5991,6.81,4.5,18,6.5,6.25,684804.73
18-10-2024,1.471,1.6988,1.9859,3.35,6.75,6.75,9.1,6.4515,6.5493,6.5438,6.78,4.5,18,6.5,6.25,688267.415
11-10-2024,1.7108,1.7763,2.0549,3.35,6.75,6.75,9.1,6.43,6.5424,6.5283,6.75,4.5,18,6.5,6.25,690430.223
04-10-2024,1.5863,1.7522,2.1529,3.35,6.75,6.75,9.1,6.4739,6.563,6.5487,6.8,4.5,18,6.5,6.25,701175.919
27-09-2024,1.6538,1.7392,2.1125,3.35,6.75,6.75,9.1,-,-,-,6.78,4.5,18,6.5,6.25,704884.8
20-09-2024,1.6631,1.7809,2.0297,3.35,6.75,6.75,9.1,-,-,-,6.8,4.5,18,6.5,6.25,692296.35
13-09-2024,1.4147,1.5816,1.8431,3.35,6.75,6.75,9.1,6.6462,6.7222,6.7037,6.84,4.5,18,6.5,6.25,689458.056
06-09-2024,1.2792,1.4489,1.7298,3.35,6.75,6.75,9.1,6.6301,6.7261,6.7153,6.91,4.5,18,6.5,6.25,689234.82
30-08-2024,1.1185,1.3392,1.642,3.35,6.75,6.75,9.1,6.6342,6.721,6.7175,6.9,4.5,18,6.5,6.25,683986.62
23-08-2024,1.082,1.3238,1.6107,3.35,6.75,6.75,9.1,6.6388,6.7239,6.7284,6.9,4.5,18,6.5,6.25,681687.68
16-08-2024,1.0509,1.2932,1.5928,3.35,6.75,6.75,9.1,6.6152,6.7282,6.724,6.91,4.5,18,6.5,6.25,674664.31
09-08-2024,1.0648,1.3093,1.595,3.35,6.75,6.75,9.1,6.6351,6.7284,6.73,6.93,4.5,18,6.5,6.25,670118.772
02-08-2024,1.1012,1.2593,1.503,3.35,6.75,6.75,9.1,6.6736,6.7885,6.7985,6.91,4.5,18,6.5,6.25,674918.565
26-07-2024,1.1077,1.1965,1.4328,3.35,6.75,6.75,9.1,6.713,6.8249,6.8365,6.98,4.5,18,6.5,6.25,667385.832
19-07-2024,1.1117,1.1796,1.3853,3.35,6.75,6.75,9.1,6.7399,6.8451,6.874,7,4.5,18,6.5,6.25,670857.026
12-07-2024,1.0739,1.1528,1.3097,3.35,6.75,6.75,9.1,6.7578,6.8699,6.9194,7.02,4.5,18,6.5,6.25,666854.123
05-07-2024,1.1136,1.1547,1.2805,3.35,6.75,6.75,9.1,6.781,6.9,6.9498,7.03,4.5,18,6.5,6.25,657155.026
28-06-2024,1.1039,1.136,1.26,3.35,6.75,6.75,9.1,6.8034,6.9191,6.9594,7.04,4.5,18,6.5,6.25,651997.259
21-06-2024,1.0515,1.1205,1.284,3.35,6.75,6.75,9.1,6.815,6.9601,6.98,7.01,4.5,18,6.5,6.25,653710.553
14-06-2024,1.081,1.1637,1.2964,3.35,6.75,6.75,9.1,6.837,6.9925,7.0111,7.01,4.5,18,6.5,6.25,652895.006
07-06-2024,1.0147,1.1154,1.2711,3.35,6.75,6.75,9.1,6.8619,7.0189,7.0347,7.03,4.5,18,6.5,6.25,655816.763
31-05-2024,1.0802,1.2192,1.3407,3.35,6.75,6.75,9.1,6.8478,7.008,7.0364,7.01,4.5,18,6.5,6.25,651509.98
24-05-2024,1.1351,1.2257,1.3489,3.35,6.75,6.75,9.1,6.8536,7.014,7.0218,7.01,4.5,18,6.5,6.25,646673
17-05-2024,1.1836,1.2819,1.4003,3.35,6.75,6.75,9.1,6.9885,7.0847,7.0797,7.05,4.5,18,6.5,6.25,648700.12
10-05-2024,1.2432,1.305,1.4258,3.35,6.75,6.75,9.1,6.9997,7.0802,7.089,7.08,4.5,18,6.5,6.25,644150.95
03-05-2024,1.1933,1.2737,1.3808,3.35,6.75,6.75,9.1,6.9972,7.0393,7.0797,7.12,4.5,18,6.5,6.25,641589.99
26-04-2024,1.1629,1.2607,1.3725,3.35,6.75,6.75,9.1,6.92,7.035,7.0697,7.16,4.5,18,6.5,6.25,637921.64
19-04-2024,1.1622,1.2525,1.395,3.35,6.75,6.75,9.1,6.8752,7.0301,7.0582,7.18,4.5,18,6.5,6.25,640333.68
12-04-2024,1.0366,1.1433,1.295,3.35,6.75,6.75,9.1,6.8702,7.0297,7.049,7.16,4.5,18,6.5,6.25,643161.62
05-04-2024,1.1315,1.2104,1.3513,3.35,6.75,6.75,9.1,6.8768,7.0187,7.0447,7.1,4.5,18,6.5,6.25,648562.22
29-03-2024,0.9953,1.11,1.3078,3.35,6.75,6.75,9.1,7.0101,7.1447,7.0787,7.07,4.5,18,6.5,6.25,645582.59
22-03-2024,0.9083,1.0773,1.2555,3.35,6.75,6.75,9.1,6.8785,7.1236,7.0828,7.11,4.5,18,6.5,6.25,642631.47
15-03-2024,1.1325,1.1609,1.3077,3.35,6.75,6.75,9.1,6.8781,7.135,7.09,7.08,4.5,18,6.5,6.25,642491.53
08-03-2024,1.0316,1.2026,1.3292,3.35,6.75,6.75,9.1,6.8988,7.1475,7.1049,7.02,4.5,18,6.5,6.25,636095.47
01-03-2024,1.5075,1.3853,1.4191,3.35,6.75,6.75,9.1,6.9594,7.1673,7.1199,7.06,4.5,18,6.5,6.25,625625.83
23-02-2024,1.1854,1.5057,1.5041,3.35,6.75,6.75,9.1,7.0184,7.1888,7.1336,7.09,4.5,18,6.5,6.25,619072.07
16-02-2024,1.269,1.5657,1.5491,3.35,6.75,6.75,9.1,7.0508,7.1769,7.145,7.1,4.5,18,6.5,6.25,616097.24
09-02-2024,1.3586,1.5976,1.549,3.35,6.75,6.75,9.1,7.0147,7.1501,7.1138,7.11,4.5,18,6.5,6.25,617229.53
02-02-2024,1.1992,1.57,1.5506,3.35,6.75,6.75,9.1,7.0446,7.1845,7.1541,7.06,4.5,18,6.5,6.25,622469.42
26-01-2024,1.2962,1.5946,1.602,3.35,6.75,6.75,9.1,7.0201,7.1924,7.17,7.18,4.5,18,6.5,6.25,616733.16
19-01-2024,1.2899,1.6501,1.6311,3.35,6.75,6.75,9.1,6.9698,7.1701,7.154,7.21,4.5,18,6.5,6.25,616142.56
12-01-2024,1.3701,1.689,1.6634,3.35,6.75,6.75,9.1,6.9275,7.155,7.1486,7.18,4.5,18,6.5,6.25,618937.12
05-01-2024,1.333,1.6602,1.5868,3.35,6.75,6.75,9.1,6.9378,7.1498,7.1257,7.24,4.5,18,6.5,6.25,617302.87
29-12-2023,1.2332,1.6482,1.508,3.35,6.75,6.75,8.95,6.93,7.1554,7.13,7.2,4.5,18,6.5,6.25,623200.44
22-12-2023,1.1627,1.1941,1.4997,3.35,6.75,6.75,8.95,6.9441,7.1387,7.1101,7.2,4.5,18,6.5,6.25,620441.3
15-12-2023,1.1493,1.1786,1.5174,3.35,6.75,6.75,8.95,6.9781,7.1939,7.1899,7.16,4.5,18,6.5,6.25,615970.57
08-12-2023,0.9783,1.1319,1.4862,3.35,6.75,6.75,8.95,6.9549,7.169,7.1585,7.24,4.5,18,6.5,6.25,606858.79
01-12-2023,0.6806,0.9875,1.3548,3.35,6.75,6.75,8.95,6.9599,7.1554,7.1476,7.32,4.5,18,6.5,6.25,604042.3
24-11-2023,0.9495,1.1183,1.4716,3.35,6.75,6.75,8.95,6.9474,7.1199,7.1497,7.26,4.5,18,6.5,6.25,597935
17-11-2023,0.6942,1.0177,1.4226,3.35,6.75,6.75,8.95,6.9374,7.0987,7.1297,7.21,4.5,18,6.5,6.25,595397.39
10-11-2023,0.6161,1.0076,1.4461,3.35,6.75,6.75,8.95,6.9221,7.1068,7.1489,7.3,4.5,18,6.5,6.25,590320.85
03-11-2023,0.8385,1.1771,1.5672,3.35,6.75,6.75,8.95,6.9325,7.1376,7.1598,7.31,4.5,18,6.5,6.25,590782.52
27-10-2023,1.0238,1.33,1.7103,3.35,6.75,6.75,8.95,6.9325,7.1376,7.1598,7.37,4.5,18,6.5,6.25,586110.68
20-10-2023,1.1162,1.371,1.6951,3.35,6.75,6.75,8.95,6.893,7.1372,7.14,7.37,4.5,18,6.5,6.25,583532.13
13-10-2023,1.4037,1.4985,1.7682,3.35,6.75,6.75,8.95,6.8847,7.1279,7.145,7.32,4.5,18,6.5,6.25,585894.94
06-10-2023,1.67,1.71,1.8,3.35,6.75,6.75,8.95,6.864,7.0999,7.1306,7.34,4.5,18,6.5,6.25,584741.5
29-09-2023,1.88,1.69,1.75,3.35,6.75,6.75,8.85,6.8648,7.0778,7.0846,7.22,4.5,18,6.5,6.25,586907.63
22-09-2023,1.54,1.6,1.64,3.35,6.75,6.75,8.85,6.8548,7.0671,7.089,7.16,4.5,18,6.5,6.25,590701.81
15-09-2023,1.44,1.54,1.59,3.35,6.75,6.75,8.85,6.8474,7.0494,7.0599,7.16,4.5,18,6.5,6.25,593037.09
08-09-2023,1.38,1.43,1.53,3.35,6.75,6.75,8.85,6.8001,7.0243,7.03,7.17,4.5,18,6.5,6.25,593904.28
01-09-2023,1.31,1.38,1.43,3.35,6.75,6.75,8.85,6.8225,7.02,7.0298,7.15,4.5,18,6.5,6.25,598896.64
25-08-2023,1.31,1.38,1.4,3.35,6.75,6.75,8.85,6.8569,7.04,7.0548,7.18,4.5,18,6.5,6.25,594857.85
18-08-2023,1.34,1.38,1.41,3.35,6.75,6.75,8.85,6.8781,7.0385,7.0692,7.19,4.5,18,6.5,6.25,594888.22
11-08-2023,1.3,1.3,1.35,3.35,6.75,6.75,8.85,6.7487,6.9094,6.9605,7.18,4.5,18,6.5,6.25,602161
04-08-2023,1.16,1.21,1.29,3.35,6.75,6.75,8.85,6.7188,6.874,6.9314,7.19,4.5,18,6.5,6.25,601453
28-07-2023,1.17,1.22,1.33,3.35,6.75,6.75,8.85,6.72,6.8609,6.8925,7.14,4.5,18,6.5,6.25,603870
21-07-2023,1.32,1.27,1.37,3.35,6.75,6.75,8.85,6.7138,6.8601,6.8856,7.08,4.5,18,6.5,6.25,607035
14-07-2023,1.32,1.34,1.45,3.35,6.75,6.75,8.85,6.7399,6.868,6.8793,7.08,4.5,18,6.5,6.25,609022.25
07-07-2023,1.31,1.31,1.34,3.35,6.75,6.75,8.85,6.72,6.8279,6.848,7.15,4.5,18,6.5,6.25,596279.7
30-06-2023,1.39,1.32,1.38,3.35,6.75,6.75,8.75,6.76,6.87,6.87,7.1,4.5,18,6.5,6.25,595051.38
23-06-2023,1.17,1.37,1.5,3.35,6.75,6.75,8.75,6.737,6.8989,6.8901,7.07,4.5,18,6.5,6.25,593197.72
16-06-2023,1.25,1.42,1.49,3.35,6.75,6.75,8.75,6.7876,6.9098,6.9051,7.02,4.5,18,6.5,6.25,596098.37
09-06-2023,1.31028,1.358809,1.455867,3.35,6.75,6.75,8.75,6.7545,6.8588,6.857,7.03,4.5,18,6.5,6.25,593748.6
02-06-2023,1.38,1.46,1.48,3.35,6.75,6.75,8.75,6.78,6.9,6.89,7.05,4.5,18,6.5,6.25,595066.54
26-05-2023,1.450709,1.547422,1.619958,3.35,6.75,6.75,8.75,6.7677,6.8998,6.885,7.02,4.5,18,6.5,6.25,589137.63
19-05-2023,1.451047,1.523599,1.668704,3.35,6.75,6.75,8.75,6.8391,6.9685,6.9554,7.02,4.5,18,6.5,6.25,593476.63
12-05-2023,1.606609,1.70398,1.80135,3.35,6.75,6.75,8.75,6.9482,7.0292,7.0182,7,4.5,18,6.5,6.25,599528.81
05-05-2023,1.761785,1.810723,1.969773,3.35,6.75,6.75,8.75,6.8984,6.9889,6.9955,7.01,4.5,18,6.5,6.25,595976.17
28-04-2023,1.725,1.82,1.975,3.35,6.75,6.75,8.75,6.8225,6.9723,7.004,7.12,4.5,18,6.5,6.25,588779.85
21-04-2023,1.752801,1.923213,2.044935,3.35,6.75,6.75,8.75,6.7764,6.9513,7.0094,7.16,4.5,18,6.5,6.25,584247.67
14-04-2023,1.756622,1.951803,2.122585,3.35,6.75,6.75,8.75,6.73,6.9796,7.0197,7.22,4.5,18,6.5,6.25,586411.9
07-04-2023,2.049398,2.195783,2.317771,3.35,6.75,6.75,8.75,6.9192,7.1797,7.2187,7.22,4.5,18,6.5,6.25,584754.78
31-03-2023,2.408264,2.189331,2.31096,3.35,6.75,6.75,8.65,-,7.282,7.3064,7.31,4.5,18,6.5,6.25,578449.15
24-03-2023,2.918366,2.431972,2.395492,3.35,6.75,6.75,8.65,6.7366,7.2282,7.2382,7.32,4.5,18,6.5,6.25,578778.17
17-03-2023,2.91028,2.522242,2.388855,3.35,6.75,6.75,8.65,6.8573,7.2695,7.3067,7.35,4.5,18,6.5,6.25,572800.76
10-03-2023,2.926305,2.462973,2.267886,3.35,6.75,6.75,8.65,6.9677,7.3787,7.48,7.42,4.5,18,6.5,6.25,560002.5
03-03-2023,2.625683,2.4555,2.248849,3.35,6.75,6.75,8.65,6.9391,7.2999,7.3901,7.4,4.5,18,6.5,6.25,562399.8
24-02-2023,2.102892,2.562144,2.296261,3.35,6.75,6.75,8.65,6.8154,7.18,7.2563,7.39,4.5,18,6.5,6.25,560941.54
17-02-2023,1.883865,2.366907,2.125386,3.35,6.75,6.75,8.65,6.7292,7.1232,7.1594,7.37,4.5,18,6.5,6.25,561266.84
10-02-2023,1.889107,2.518809,2.276616,3.35,6.75,6.75,8.65,6.6699,7.0157,7.0628,7.3318,4.5,18,6.5,6.25,566948.05
03-02-2023,1.897127,2.529503,2.359248,3.35,6.5,6.5,8.65,6.5588,6.9298,6.9775,7.2463,4.5,18,6.25,6,575266.77
27-01-2023,1.765907,2.550754,2.440385,3.35,6.5,6.5,8.65,6.4731,6.8693,6.9048,7.3915,4.5,18,6.25,6,576760.72
20-01-2023,1.994592,2.560958,2.413211,3.35,6.5,6.5,8.65,6.4238,6.8204,6.9099,7.3493,4.5,18,6.25,6,573727.18
13-01-2023,1.875,2.39,2.385,3.35,6.5,6.5,8.65,6.389,6.7784,6.895,7.4382,4.5,18,6.25,6,572000.4
06-01-2023,2.033042,2.202462,2.178259,3.35,6.5,6.5,8.6,6.3571,6.7801,6.9249,7.381,4.5,18,6.25,6,561583.37
30-12-2022,2.174275,2.174275,2.222593,3.35,6.5,6.5,8.1,6.3099,6.74,6.8907,7.3388,4.5,18,6.25,6,562851.39
23-12-2022,2.316924,2.316924,2.437597,3.35,6.5,6.5,8.1,6.394,6.7599,6.9,7.3326,4.5,18,6.25,6,562807.65
16-12-2022,2.028535,2.125132,2.233803,3.35,6.5,6.5,8.1,6.3977,6.7529,6.8678,7.2761,4.5,18,6.25,6,563498.55
09-12-2022,1.897598,1.848941,1.994911,3.35,6.5,6.5,8.1,6.4474,6.788,6.9194,7.3011,4.5,18,6.25,6,564069.96
02-12-2022,1.921724,1.847812,2.020274,3.35,6.15,6.15,8.1,6.3977,6.7254,6.8678,7.2222,4.5,18,5.9,5.65,561161.6
25-11-2022,2.207806,2.158744,2.256868,3.35,6.15,6.15,8.1,6.4482,6.7531,6.8799,7.3163,4.5,18,5.9,5.65,550142.02
18-11-2022,2.350133,2.350133,2.423575,3.35,6.15,6.15,8.1,6.4374,6.7398,6.8827,7.3169,4.5,18,5.9,5.65,547252.3
11-11-2022,2.82709,2.678296,2.628698,3.35,6.15,6.15,8.1,6.4764,6.8195,6.98,7.3155,4.5,18,5.9,5.65,544714.87
04-11-2022,2.689973,2.520335,2.447633,3.35,6.15,6.15,8.1,6.4702,6.8011,6.9535,7.4816,4.5,18,5.9,5.65,529994.26
28-10-2022,3.276333,2.863758,2.742412,3.35,6.15,6.15,8.1,6.3994,6.7195,6.9197,7.413,4.5,18,5.9,5.65,531080.81
21-10-2022,3.041205,2.486064,2.413655,3.35,6.15,6.15,8.1,6.3563,6.74,6.94,7.5027,4.5,18,5.9,5.65,524519.77
14-10-2022,3.422841,3.034434,2.815954,3.35,6.15,6.15,8.1,6.3145,6.7647,7.0169,7.4748,4.5,18,5.9,5.65,528366.92
07-10-2022,4.07767,3.446602,3.179612,3.35,6.15,6.15,8.1,6.0783,6.5996,6.7899,7.4692,4.5,18,5.9,5.65,532868.05
30-09-2022,3.82577,3.384335,3.016473,3.35,6.15,6.15,7.75,6.1776,6.64,6.7966,7.4135,4.5,18,5.9,5.65,532663.72
23-09-2022,3.262623,2.990737,2.65706,3.35,5.65,5.65,7.75,5.88,6.4298,6.6494,7.4012,4.5,18,5.4,5.15,537518.17
16-09-2022,3.157183,2.981784,2.781328,3.35,5.65,5.65,7.75,5.7153,6.1881,6.4295,7.2374,4.5,18,5.4,5.15,545652.49
09-09-2022,3.01372,2.988606,2.83792,3.35,5.65,5.65,7.75,5.6287,6.0999,6.3378,7.12307,4.5,18,5.4,5.15,550871.31
02-09-2022,3.158338,3.058073,2.895143,3.35,5.65,5.65,7.75,5.6341,6.089,6.3199,7.2267,4.5,18,5.4,5.15,553105.18
26-08-2022,3.303729,3.203616,3.00339,3.35,5.65,5.65,7.75,5.5998,5.9896,6.2701,7.2023,4.5,18,5.4,5.15,561045.77
19-08-2022,3.310229,3.159764,3.034376,3.35,5.65,5.65,7.75,5.5598,5.9099,6.198,7.2563,4.5,18,5.4,5.15,564053.15
12-08-2022,3.387657,3.13672,3.086532,3.35,5.65,5.65,7.75,5.5949,5.963,6.2599,7.3224,4.5,18,5.4,5.15,570740.1
05-08-2022,3.488557,3.235763,3.084087,3.35,5.65,5.65,7.75,5.5586,5.8886,6.23,7.318,4.5,18,5.4,5.15,572977.61
29-07-2022,3.324087,3.34927,3.198175,3.35,5.15,5.15,7.75,5.6229,5.9788,6.33,7.319,4.5,18,4.9,4.65,573874.7
22-07-2022,3.37,3.36,3.125,3.35,5.15,5.15,7.75,5.3987,5.8515,6.2441,7.4171,4.5,18,4.9,4.65,571559.89
15-07-2022,3.30497,3.104669,2.97948,3.35,5.15,5.15,7.75,5.2401,5.7453,6.175,7.4334,4.5,18,4.9,4.65,572711.71
08-07-2022,3.179815,3.028395,2.940067,3.35,5.15,5.15,7.75,5.1389,5.6651,6.139,7.4179,4.5,18,4.9,4.65,580252.25
01-07-2022,3.034364,2.983791,2.882646,3.35,5.15,5.15,7.75,5.1595,5.7899,6.287,7.4229,4.5,18,4.9,4.65,588314.23
24-06-2022,2.757536,2.859667,2.8852,3.35,5.15,5.15,7.25,5.0875,5.7559,6.28,7.4882,4.5,18,4.9,4.65,593322.58
17-06-2022,3.005,3.08,3.115,3.35,5.15,5.15,7.25,5.0566,5.7347,6.28,7.5899,4.5,18,4.9,4.65,590588.12
10-06-2022,3.23741,3.391572,3.417266,3.35,5.15,5.15,7.25,4.9991,5.6278,6.12,7.5497,4.5,18,4.9,4.65,596458.16
03-06-2022,3.556729,3.608275,3.595389,3.35,4.65,4.65,7.25,4.9538,5.5227,6.0801,7.4907,4.5,18,4.4,4.15,601057.22
27-05-2022,3.55399,3.63125,3.657004,3.35,4.65,4.65,7.25,4.8869,5.4294,5.91,7.3669,4.5,18,4.4,4.15,601362.87
20-05-2022,3.557485,3.609043,3.686379,3.35,4.65,4.65,7.25,4.9127,5.43,5.92,7.3765,4,18,4.4,4.15,597509.2
13-05-2022,3.29,3.485,3.525,3.35,4.65,4.65,7.25,4.9538,5.4592,5.9249,7.3376,4,18,4.4,4.15,593278.77
06-05-2022,4.065305,4.065305,4.091365,3.35,4.65,4.65,7.25,4.029,4.4325,4.8351,7.4616,4,18,4.4,4.15,595954.31
29-04-2022,4.082476,3.76844,3.689931,3.35,4.25,4.25,7.25,3.9799,4.3999,4.8102,7.148,4,18,4,3.75,597727.87
22-04-2022,3.773194,3.8256,3.8256,3.35,4.25,4.25,7.25,3.9599,4.4097,4.813,7.173,4,18,4,3.75,600422.86
15-04-2022,4.014441,4.093156,4.119394,3.35,4.25,4.25,7.25,3.9795,4.4306,4.824,7.2215,4,18,4,3.75,603693.72
08-04-2022,4.037946,4.117122,4.064338,3.35,4.25,4.25,7.25,3.8682,4.2651,4.56,7.1252,4,18,4,3.75,604004.34
01-04-2022,3.9,3.885,3.835,3.35,4.25,4.25,7.25,3.84,4.2669,4.5805,6.8613,4,18,4,-,606475.33
25-03-2022,5.670921,4.463225,4.095665,3.35,4.25,4.25,7.25,3.7992,4.3199,4.6189,6.8254,4,18,4,-,617647.83
18-03-2022,4.901606,4.321846,4.058319,3.35,4.25,4.25,7.25,3.7689,4.3345,4.6481,6.7878,4,18,4,-,619677.95
11-03-2022,5.573297,4.631332,4.30426,3.35,4.25,4.25,7.25,3.8061,4.38,4.7085,6.8502,4,18,4,-,622274.65
04-03-2022,4.334998,4.413816,4.203635,3.35,4.25,4.25,7.25,3.7448,4.2889,4.6299,6.8159,4,18,4,-,631920.32
25-02-2022,4.303692,4.409956,4.197428,3.35,4.25,4.25,7.25,3.6954,4.19,4.52,6.756,4,18,4,-,631526.67
18-02-2022,3.523651,4.404563,4.150967,3.35,4.25,4.25,7.25,3.677,4.1599,4.49,6.6641,4,18,4,-,632951.9
11-02-2022,3.105335,4.087363,3.928115,3.35,4.25,4.25,7.25,3.8887,4.403,4.6711,6.6989,4,18,4,-,630189.75
04-02-2022,3.533044,4.817787,4.617046,3.35,4.25,4.25,7.25,3.8838,4.3961,4.66,6.8829,4,18,4,-,631952.95
28-01-2022,3.842495,4.883171,4.656357,3.35,4.25,4.25,7.25,3.708,4.1789,4.5053,6.7731,4,18,4,-,629755.15
21-01-2022,3.944493,4.722658,4.749491,3.35,4.25,4.25,7.25,3.6856,4.1242,4.4727,6.6258,4,18,4,-,634286.56
14-01-2022,3.804862,4.533452,4.803301,3.35,4.25,4.25,7.25,3.5671,4.0281,4.38,6.5663,4,18,4,-,634964.92
07-01-2022,3.876496,4.334138,4.684099,3.35,4.25,4.25,7.25,3.5594,4.0175,4.34,6.6069,4,18,4,-,632735.839
31-12-2021,3.956798,4.145217,4.710474,3.35,4.25,4.25,7.25,3.657,3.9699,4.265,6.4688,4,18,4,-,633614.31
24-12-2021,3.832529,3.938988,4.604358,3.35,4.25,4.25,7.25,3.7023,3.9795,4.2598,6.4763,4,18,4,-,635079.86
17-12-2021,3.780852,3.833364,4.56853,3.35,4.25,4.25,7.25,3.5296,3.8738,4.175,6.4452,4,18,4,-,635667.3
10-12-2021,3.48658,3.645061,4.516706,3.35,4.25,4.25,7.25,3.4945,3.8197,4.149,6.4047,4,18,4,-,635827.76
03-12-2021,3.680726,3.760742,4.69426,3.35,4.25,4.25,7.25,3.5243,3.8217,4.1482,6.4066,4,18,4,-,635904.86
26-11-2021,3.694047,3.801121,4.711249,3.35,4.25,4.25,7.3,3.53,3.8301,4.1299,6.336,4,18,4,-,637687.39
19-11-2021,3.641012,3.991628,4.719831,3.35,4.25,4.25,7.3,3.5222,3.8192,4.102,6.3447,4,18,4,-,640400.81
12-11-2021,3.38394,3.78679,4.525349,3.35,4.25,4.25,7.3,3.539,3.8201,4.0694,6.3737,4,18,4,-,640111.68
05-11-2021,4.023152,4.345004,4.800961,3.35,4.25,4.25,7.3,3.6488,3.878,4.0899,6.3631,4,18,4,-,640874.2
29-10-2021,4.171915,4.385859,4.74689,3.35,4.25,4.25,7.3,3.561,3.8322,4.039,6.4262,4,18,4,-,642019.14
22-10-2021,4.011575,4.225525,4.613311,3.35,4.25,4.25,7.3,3.4496,3.6996,3.949,6.3961,4,18,4,-,640100.29
15-10-2021,3.82,3.9,4.34,3.35,4.25,4.25,7.3,3.3937,3.6447,3.8998,6.3546,4,18,4,-,641007.81
08-10-2021,3.680294,3.866976,4.227005,3.35,4.25,4.25,7.3,3.4777,3.6033,3.8872,6.3513,4,18,4,-,639516.13
01-10-2021,3.65,3.824174,4.080017,3.35,4.25,4.25,7.3,3.4488,3.5669,3.81,6.2707,4,18,4,-,637477.28
24-09-2021,3.5,3.64,3.87,3.35,4.25,4.25,7.3,3.3439,3.4185,3.5987,6.205,4,18,4,-,638645.93
17-09-2021,3.510553,3.619407,3.850723,3.35,4.25,4.25,7.3,3.3044,3.3944,3.58,6.188,4,18,4,-,639642.44
10-09-2021,3.338368,3.555498,3.813339,3.35,4.25,4.25,7.3,3.2889,3.4098,3.5616,6.1927,4,18,4,-,641112.74
03-09-2021,3.37,3.53,3.79,3.35,4.25,4.25,7.3,3.2856,3.4197,3.6197,6.1675,4,18,4,-,642453.19
27-08-2021,3.4,3.56,3.76,3.35,4.25,4.25,7.4,3.2958,3.449,3.6493,6.3031,4,18,4,-,633558.18
20-08-2021,3.627691,3.735179,3.882973,3.35,4.25,4.25,7.4,3.328,3.46,3.6498,6.2753,4,18,4,-,616895.38
13-08-2021,3.54,3.82,3.94,3.35,4.25,4.25,7.4,3.3892,3.4695,3.6908,6.2758,4,18,4,-,619364.88
06-08-2021,3.51,3.8,3.99,3.35,4.25,4.25,7.4,3.3815,3.4926,3.6983,6.2671,4,18,4,-,621464.2
30-07-2021,3.549002,3.817866,4.006071,3.35,4.25,4.25,7.4,3.388,3.5298,3.7299,6.2158,4,18,4,-,620575.5
23-07-2021,3.627755,3.950222,4.124892,3.35,4.25,4.25,7.4,3.419,3.5624,3.7744,6.179,4,18,4,-,611148.91
16-07-2021,4.020197,4.154204,4.27,3.35,4.25,4.25,7.4,3.4341,3.595,3.8099,6.1399,4,18,4,-,612729.65
09-07-2021,4.099426,4.153013,4.273584,3.35,4.25,4.25,7.4,3.4439,3.6199,3.8419,6.1049,4,18,4,-,611895.11
02-07-2021,4.012052,4.092293,4.212655,3.35,4.25,4.25,7.4,3.4443,3.72,3.8898,6.4025,4,18,4,-,610012.03
25-06-2021,3.801615,3.990348,4.125157,3.35,4.25,4.25,7.4,3.4679,3.7189,3.8851,6.339,4,18,4,-,608999.19
18-06-2021,3.965246,4.154067,4.248478,3.35,4.25,4.25,7.4,3.4692,3.6969,3.8526,6.2485,4,18,4,-,603933.47
11-06-2021,4.192677,4.302289,4.3982,3.35,4.25,4.25,7.4,3.4035,3.6399,3.7595,6.2376,4,18,4,-,608081.19
04-06-2021,3.615121,4.080705,4.272416,3.35,4.25,4.25,7.4,3.4125,3.6488,3.7426,6.2456,4,18,4,-,605007.54
28-05-2021,5.463825,5.629395,5.49142,3.35,4.25,4.25,7.4,3.3998,3.5996,3.725,6.2627,4,18,4,-,598165.07
21-05-2021,5.833754,5.7242,5.587258,3.35,4.25,4.25,7.4,3.3786,3.58,3.7267,6.2229,3.5,18,4,-,592893.6
14-05-2021,6.051346,5.887797,5.560697,3.35,4.25,4.25,7.4,3.3692,3.5701,3.72,6.1978,3.5,18,4,-,590028.22
07-05-2021,5.369907,5.315665,5.166501,3.35,4.25,4.25,7.4,3.3346,3.5499,3.7199,6.2181,3.5,18,4,-,589464.82
30-04-2021,5.99812,5.376693,5.174054,3.35,4.25,4.25,7.4,3.3199,3.4507,3.72,6.2551,3.5,18,4,-,588020.4
23-04-2021,5.446216,5.072456,4.858879,3.35,4.25,4.25,7.4,3.3382,3.5281,3.75,6.2839,3.5,18,4,-,584107.25
16-04-2021,5.069695,4.935576,4.814869,3.35,4.25,4.25,7.4,3.3496,3.6085,3.76,6.3105,3.5,18,4,-,582406.25
09-04-2021,4.185,4.353057,4.580057,3.35,4.25,4.25,7.4,3.3505,3.5906,3.7393,6.2109,3.5,18,4,-,581213.45
02-04-2021,4.897646,4.843228,5.006483,3.35,4.25,4.25,7.4,3.3162,3.4683,3.8264,6.3401,3.5,18,4,-,576869.31
26-03-2021,6.795148,5.635001,5.469266,3.35,4.25,4.25,7.4,3.328,3.4698,3.7874,6.3165,3,18,4,-,579284.59
19-03-2021,6.619274,5.681544,5.378161,3.35,4.25,4.25,7.4,3.2885,3.5198,3.8373,6.3659,3,18,4,-,582270.86
12-03-2021,5.778398,5.448204,5.173042,3.35,4.25,4.25,7.4,3.2485,3.4808,3.85,6.3791,3,18,4,-,582037.41
05-03-2021,5.360294,5.497738,5.181618,3.35,4.25,4.25,7.3,3.2204,3.4818,3.7231,6.3416,3,18,4,-,580298.88
26-02-2021,5.585919,5.585919,5.188881,3.35,4.25,4.25,7.3,3.1699,3.4808,3.7,6.3358,3,18,4,-,584554.23
19-02-2021,4.207186,5.774569,5.389598,3.35,4.25,4.25,7.3,3.1845,3.5202,3.7099,6.2422,3,18,4,-,583865.27
12-02-2021,4.12089,5.879137,5.467048,3.35,4.25,4.25,7.3,3.3341,3.5833,3.7447,6.0762,3,18,4,-,583696.51
05-02-2021,3.950693,5.651686,5.281309,3.35,4.25,4.25,7.3,3.37,3.59,3.7339,6.1198,3,18,4,-,583945.14
29-01-2021,4.194545,5.483065,5.126666,3.35,4.25,4.25,7.3,3.3468,3.5607,3.6757,5.9597,3,18,4,-,590185.22
22-01-2021,4.436047,5.367069,5.065856,3.35,4.25,4.25,7.3,3.324,3.541,3.6261,5.9496,3,18,4,-,585333.69
15-01-2021,4.315,4.820313,4.792925,3.35,4.25,4.25,7.3,3.28,3.4507,3.579,5.9877,3,18,4,-,584242.33
08-01-2021,3.927216,4.172667,4.44539,3.35,4.25,4.25,7.3,3.0379,3.3501,3.4681,5.9056,3,18,4,-,586081.51
01-01-2021,3.985,3.998204,4.518518,3.35,4.25,4.25,7.3,3.079,3.3439,3.4571,5.9055,3,18,4,-,585323.67
25-12-2020,3.84,3.750826,4.348783,3.35,4.25,4.25,7.3,3.1092,3.3501,3.4574,5.9092,3,18,4,-,580840.83
18-12-2020,3.55,3.591123,4.380082,3.35,4.25,4.25,7.3,3.1275,3.3501,3.4458,5.9249,3,18,4,-,581130.65
11-12-2020,3.47,3.505844,4.239626,3.35,4.25,4.25,7.3,3.1092,3.3532,3.4498,5.9053,3,18,4,-,578568.14
04-12-2020,3.580083,3.580083,4.325934,3.35,4.25,4.25,7.4,3.0473,3.3229,3.3947,5.8322,3,18,4,-,579345.91
27-11-2020,3.36,3.52,4.23,3.35,4.25,4.25,7.4,2.9292,3.2599,3.3949,5.8419,3,18,4,-,574820.84
20-11-2020,3.317161,3.55988,4.180162,3.35,4.25,4.25,7.4,2.9789,3.3356,3.4168,5.9211,3,18,4,-,575289.66
13-11-2020,3.374791,3.535495,4.071176,3.35,4.25,4.25,7.4,3.1442,3.3497,3.4491,5.9135,3,18,4,-,572771.27
06-11-2020,3.321923,3.510975,3.943095,3.35,4.25,4.25,7.4,3.17,3.3598,3.4331,5.9043,3,18,4,-,568494.05
30-10-2020,3.244418,3.460713,3.893302,3.35,4.25,4.25,7.4,3.1972,3.3594,3.4542,5.9119,3,18,4,-,560715.26
23-10-2020,3.343391,3.560847,3.99576,3.35,4.25,4.25,7.4,3.1878,3.3501,3.4595,5.875,3,18,4,-,560532.12
16-10-2020,3.434038,3.652072,3.951869,3.35,4.25,4.25,7.4,3.2489,3.3799,3.4751,5.9594,3,18,4,-,555120.27
09-10-2020,3.60605,3.715324,4.015828,3.35,4.25,4.25,7.4,3.2754,3.4195,3.5092,5.9563,3,18,4,-,551505.23
02-10-2020,3.679306,3.815577,3.979102,3.35,4.25,4.25,7.4,3.3578,3.5779,3.7312,6.0216,3,18,4,-,545638.21
25-09-2020,3.743403,3.797655,3.90616,3.35,4.25,4.25,7.4,3.3578,3.5779,3.7312,6.0564,3,18,4,-,542020.662
18-09-2020,3.847361,3.956506,4.038364,3.35,4.25,4.25,7.4,3.3195,3.5462,3.6897,6.0344,3,18,4,-,545037.75
11-09-2020,3.756446,3.946991,4.042263,3.35,4.25,4.25,7.4,3.2294,3.52,3.63,6.0591,3,18,4,-,541659.59
04-09-2020,3.681584,3.763397,3.831574,3.35,4.25,4.25,7.4,3.1939,3.46,3.5692,5.9488,3,18,4,-,542013.02
28-08-2020,3.762638,3.898965,4.008027,3.35,4.25,4.25,7.4,3.2367,3.4889,3.5891,6.1482,3,18,4,-,541431.11
21-08-2020,3.766252,3.926518,4.073429,3.35,4.25,4.25,7.4,3.1491,3.432,3.5372,6.0884,3,18,4,-,537547.75
14-08-2020,3.610973,3.77146,3.83833,3.35,4.25,4.25,7.4,3.2689,3.41,3.5383,5.9573,3,18,4,-,535252.06
07-08-2020,3.522085,3.68218,3.708862,3.35,4.25,4.25,7.4,3.2815,3.3752,3.4971,5.8481,3,18,4,-,538191.26
31-07-2020,3.610968,3.744707,3.798203,3.35,4.25,4.25,7.4,3.2979,3.3901,3.5195,5.7833,3,18,4,-,534567.86
24-07-2020,3.686528,3.76667,3.793383,3.35,4.25,4.25,7.4,3.2489,3.3598,3.5195,5.8316,3,18,4,-,522630.18
17-07-2020,3.754918,3.728288,3.754918,3.35,4.25,4.25,7.4,3.2196,3.3627,3.3993,5.8175,3,18,4,-,517636.89
10-07-2020,3.825387,3.772257,3.825387,3.35,4.25,4.25,7.4,3.178,3.3542,3.3892,5.778,3,18,4,-,516362.15
03-07-2020,3.530153,3.556896,3.717358,3.35,4.25,4.25,7.4,3.1426,3.3957,3.4542,5.8622,3,18,4,-,513253.86
26-06-2020,3.656806,3.656806,3.815798,3.35,4.25,4.25,7.4,3.1947,3.4197,3.5399,5.9254,3,18,4,-,506837.56
19-06-2020,3.385187,3.542638,3.700088,3.35,4.25,4.25,7.4,3.2897,3.477,3.5598,5.8585,3,18,4,-,505565.78
12-06-2020,3.316968,3.553894,3.68552,3.35,4.25,4.25,7.4,3.4096,3.5098,3.5832,5.8068,3,18,4,-,507644.16
05-06-2020,3.33923,3.498241,3.644001,3.35,4.25,4.25,8.15,3.3501,3.4475,3.5494,5.8297,3,18,4,-,501702.52
29-05-2020,3.49036,3.596128,3.728339,3.35,4.25,4.25,8.15,3.1939,3.3998,3.4099,5.7889,3,18,4,-,493479.63
22-05-2020,3.800134,3.641795,3.720965,3.35,4.25,4.25,8.15,3.28,3.75,3.79,5.75,3,18,4,-,490043.61
15-05-2020,3.811369,3.811369,3.877539,3.75,4.65,4.65,8.15,3.4794,3.7899,3.8399,5.7592,3,18,4.4,-,487038.91
08-05-2020,3.976612,3.950101,4.003123,3.75,4.65,4.65,8.15,3.5202,3.5499,3.5799,5.7268,3,18,4.4,-,485312.53
01-05-2020,3.913999,3.887373,3.927311,3.75,4.65,4.65,8.15,3.6427,3.6553,3.7016,6.5523,3,18,4.4,-,481077.57
24-04-2020,3.925813,3.847296,3.925813,3.75,4.65,4.65,8.15,3.7297,3.6553,3.7393,6.5416,3,18,4.4,-,479455.28
17-04-2020,4.15,4.13,4.13,3.75,4.65,4.65,8.15,4.15,4.32,4.38,6.7,3,18,4.4,-,479567.95
10-04-2020,4.786961,4.682328,4.512299,4,4.65,4.65,8.15,4.2972,4.5799,4.6261,6.9751,3,18.25,4.4,-,476475.1
03-04-2020,4.984992,4.615734,4.45748,4,4.65,4.65,8.15,4.3595,4.9694,4.9396,6.8439,3,18.25,4.4,-,474659.87
27-03-2020,8.978748,5.932387,5.050546,4,4.65,4.65,8.15,5.283,5.9896,5.6008,6.728,4,18.25,4.4,-,475561.39
20-03-2020,5.839509,4.826261,4.559617,4.9,5.4,5.4,8.15,4.8297,5.1317,5.1805,6.77,4,18.25,5.15,-,469908.69
13-03-2020,4.860307,4.212266,4.023254,4.9,5.4,5.4,8.15,4.8696,5.0158,4.9597,6.7583,4,18.25,5.15,-,481891.66
06-03-2020,5.050032,4.289812,4.099757,4.9,5.4,5.4,8.45,4.9538,5.04,5.04,6.55,4,18.25,5.15,-,487237.4
28-02-2020,3.823271,3.93409,3.906385,4.9,5.4,5.4,8.45,5.0793,5.1845,5.1649,6.6529,4,18.25,5.15,-,481540.31
21-02-2020,3.352428,3.743545,3.771482,4.9,5.4,5.4,8.45,5.0566,5.1695,5.1999,6.6655,4,18.25,5.15,-,476121.73
14-02-2020,3.19,3.64,3.68,4.9,5.4,5.4,8.45,5.09,5.2,5.24,6.62,4,18.25,5.15,-,476092.3
07-02-2020,3.200108,3.817672,3.845744,4.9,5.4,5.4,8.45,5.1241,5.2398,5.3221,6.7002,4,18.25,5.15,-,473001.07
31-01-2020,3.524002,4.251177,4.209225,4.9,5.4,5.4,8.45,5.1266,5.2396,5.289,6.8612,4,18.25,5.15,-,471299.58
24-01-2020,3.789984,4.154946,4.126872,4.9,5.4,5.4,8.45,5.1167,5.2267,5.2887,6.821,4,18.25,5.15,-,466692.52
17-01-2020,4.049858,4.162354,4.218602,4.9,5.4,5.4,8.45,5.1381,5.2267,5.2998,6.8625,4,18.25,5.15,-,462157.38
10-01-2020,3.71237,4.106106,4.20454,4.9,5.4,5.4,8.45,5.0525,5.2098,5.2871,6.8353,4,18.25,5.15,-,461214.35
03-01-2020,3.68227,3.933334,4.268086,4.9,5.4,5.4,8.45,4.9386,5.2204,5.2998,6.729,4,18.5,5.15,-,461156.77
27-12-2019,3.959484,3.903321,4.380706,4.9,5.4,5.4,8.45,5.0258,5.2197,5.3,6.7426,4,18.5,5.15,-,457467.69
20-12-2019,3.878752,3.822539,4.328463,4.9,5.4,5.4,8.45,5.0073,5.1938,5.2665,6.8063,4,18.5,5.15,-,454948.05
13-12-2019,3.648304,3.733148,4.298776,4.9,5.4,5.4,8.95,4.9982,5.1866,5.2476,6.9899,4,18.5,5.15,-,454491.79
06-12-2019,3.533544,3.533544,3.954204,4.9,5.4,5.4,8.95,4.8901,5.0695,5.099,6.8555,4,18.5,5.15,-,453421.79
29-11-2019,3.34609,3.34609,3.764352,4.9,5.4,5.4,8.95,4.9896,5.1197,5.1389,6.6464,4,18.5,5.15,-,451079.71
22-11-2019,3.256722,3.340227,3.757756,4.9,5.4,5.4,8.95,5.0196,5.1317,5.1666,6.6569,4,18.5,5.15,-,448596.03
15-11-2019,3.263102,3.51411,3.932457,4.9,5.4,5.4,8.95,5.0505,5.1602,5.2298,6.6554,4,18.5,5.15,-,448249.39
08-11-2019,3.031604,3.42459,3.929858,4.9,5.4,5.4,8.95,5.034,5.1398,5.2397,6.672,4,18.5,5.15,-,447808.27
01-11-2019,3.39,3.7,4.13,4.9,5.4,5.4,8.95,5.0361,5.2056,5.2998,6.5442,4,18.5,5.15,-,446098.39
25-10-2019,3.382221,3.607702,3.988202,4.9,5.4,5.4,8.95,5.0772,5.2056,5.3221,6.5777,4,18.5,5.15,-,442583.08
18-10-2019,3.792199,3.707928,4.045012,4.9,5.4,5.4,8.95,5.1183,5.2478,5.3666,6.5744,4,18.5,5.15,-,440751.03
11-10-2019,3.72,3.8,4.08,4.9,5.4,5.4,8.95,5.2006,5.3323,5.4111,6.5427,4,18.75,5.15,-,439711.96
04-10-2019,4.402408,3.866218,4.176644,4.9,5.4,5.4,8.95,5.3241,5.4361,5.5338,6.4724,4,18.75,5.15,-,437832.8
27-09-2019,3.975358,3.947164,4.229105,5.15,5.65,5.65,8.95,5.4065,5.5016,5.6008,6.8473,4,18.75,5.4,-,433593.66
20-09-2019,4.398269,4.172717,4.384172,5.15,5.65,5.65,8.95,5.283,5.4592,5.6008,6.9083,4,18.75,5.4,-,428571.59
13-09-2019,4.57,4.426357,4.48,5.15,5.65,5.65,8.95,5.3241,5.5439,5.6456,6.7675,4,18.75,5.4,-,428959.61
06-09-2019,4.18,4.24,4.28,5.15,5.65,5.65,8.95,5.3653,5.6075,5.6903,6.7303,4,18.75,5.4,-,429608.36
30-08-2019,3.846229,4.180684,4.236426,5.15,5.65,5.65,8.95,5.4065,5.6287,5.7239,6.6974,4,18.75,5.4,-,428604.33
23-08-2019,4.015241,4.23831,4.224368,5.15,5.65,5.65,8.95,5.4477,5.6287,5.7351,6.5722,4,18.75,5.4,-,429050.71
16-08-2019,3.70333,3.899718,3.96,5.15,5.65,5.65,8.95,5.4889,5.6499,5.7688,6.6924,4,18.75,5.4,-,430501.3
09-08-2019,3.743698,3.857144,3.942228,5.15,5.65,5.65,8.95,5.4477,5.6923,5.8473,6.6385,4,18.75,5.4,-,430571.99
02-08-2019,3.977054,4.092331,4.178789,5.5,6,6,8.95,5.6539,5.8833,5.9372,6.4951,4,18.75,5.75,-,428952.05
26-07-2019,4,4.09,4.31,5.5,6,6,8.95,5.7364,5.9471,5.9823,6.6186,4,18.75,5.75,-,429649.28
19-07-2019,4.01,4.15,4.33,5.5,6,6,8.95,5.7364,5.9258,5.9823,6.4531,4,18.75,5.75,-,430376.38
12-07-2019,4.02,4.19,4.43,5.5,6,6,8.95,5.8602,6.0322,6.0611,6.5583,4,18.75,5.75,-,428797.6
05-07-2019,4.36,4.6,4.71,5.5,6,6,8.95,5.9841,6.1173,6.1288,6.7609,4,19,5.75,-,429911.4
28-06-2019,4.61,4.64,4.7,5.5,6,6,8.95,6.0254,6.1599,6.1627,6.9332,4,19,5.75,-,427678.8
21-06-2019,4.91,4.71,4.62,5.5,6,6,8.95,5.9841,6.096,6.1288,6.9137,4,19,5.75,-,426416
14-06-2019,4.31,4.43,4.38,5.5,6,6,8.95,5.9428,6.1173,6.1288,6.9852,4,19,5.75,-,422200.1
07-06-2019,3.98,4.07,4.13,5.5,6,6,8.95,6.0668,6.1812,6.1853,7.0401,4,19,5.75,-,423553.9
31-05-2019,3.95,3.95,3.93,5.75,6.25,6.25,8.95,6.1908,6.2665,6.2985,7.0706,4,19,6,-,421867.8
24-05-2019,4.14,4.19,4.17,5.75,6.25,6.25,8.95,6.3563,6.3946,6.4119,7.2681,4,19,6,-,419992.1
17-05-2019,4.62,4.45,4.39,5.75,6.25,6.25,8.95,6.3977,6.4587,6.4686,7.4087,4,19,6,-,417998.2
10-05-2019,4.63,4.4,4.26,5.75,6.25,6.25,8.95,6.4805,6.5014,6.5369,7.4582,4,19,6,-,420055.3
03-05-2019,4.85,4.62,4.45,5.75,6.25,6.25,8.95,6.4391,6.5014,6.5141,7.4299,4,19,6,-,418687.2
26-04-2019,4.83,4.51,4.28,5.75,6.25,6.25,8.95,6.3977,6.48,6.5027,7.4409,4,19,6,-,418515.3
19-04-2019,5.01,4.58,4.28,5.75,6.25,6.25,8.95,6.3149,6.4159,6.4459,7.4483,4,19,6,-,414147.2
12-04-2019,5.37,4.88,4.53,5.75,6.25,6.25,8.95,6.2735,6.3092,6.3892,7.4278,4,19.25,6,-,414886.4
05-04-2019,4.86,4.51,4.16,5.75,6.25,6.25,8.95,6.2322,6.2879,6.3098,7.3673,4,19.25,6,-,413781.2
29-03-2019,6.071882,4.799678,4.163577,6,6.5,6.5,8.95,6.3149,6.3519,6.3892,7.3391,4,19.25,6.25,-,411905
22-03-2019,4.98,4.25,3.87,6,6.5,6.5,8.95,6.3149,6.3732,6.4232,7.5,4,19.25,6.25,-,406667.5
15-03-2019,5.11,4.16,3.84,6,6.5,6.5,8.95,6.3563,6.4373,6.4914,7.5,4,19.25,6.25,-,405638.4
08-03-2019,4.79,4.51,4.21,6,6.5,6.5,8.95,6.3977,6.4587,6.5141,7.3582,4,19.25,6.25,-,402035.5
01-03-2019,5.16,4.57,4.26,6,6.5,6.5,8.95,6.3977,6.48,6.5482,7.371,4,19.25,6.25,-,401776.7
22-02-2019,4.13,4.38,4.16,6,6.5,6.5,8.95,6.3977,6.4587,6.5255,7.4218,4,19.25,6.25,-,399217.2
15-02-2019,4.21,4.32,4.18,6,6.5,6.5,8.95,6.3977,6.4159,6.5141,7.5771,4,19.25,6.25,-,398272.5
08-02-2019,3.7,4.15,4.07,6,6.5,6.5,8.95,6.5634,6.6725,6.7763,7.3432,4,19.25,6.25,-,398122.3
01-02-2019,3.8,4.22,4.08,6.25,6.75,6.75,8.95,6.5634,6.694,6.7763,7.3827,4,19.25,6.5,-,400241.6
25-01-2019,4.05,4.22,4.11,6.25,6.75,6.75,8.95,6.6048,6.7368,6.8221,7.3457,4,19.25,6.5,-,398178.4
18-01-2019,4.22,4.19,4.13,6.25,6.75,6.75,8.95,6.6462,6.7368,6.8335,7.3225,4,19.25,6.5,-,396680.5
11-01-2019,4.09,4.06,4.06,6.25,6.75,6.75,8.95,6.6462,6.7797,6.8793,7.2729,4,19.25,6.5,-,397351.5
04-01-2019,4.12,4.06,4.09,6.25,6.75,6.75,8.95,6.6462,6.8011,6.9137,7.4483,4,19.5,6.5,-,396084.6
28-12-2018,4.37,3.97,4.09,6.25,6.75,6.75,8.95,6.6462,6.844,6.9366,7.405,4,19.5,6.5,-,393404.3
21-12-2018,4.45,3.94,4.11,6.25,6.75,6.75,8.95,6.6048,6.8654,6.971,7.2645,4,19.5,6.5,-,393287.9
14-12-2018,4.18,3.9,4.04,6.25,6.75,6.75,8.95,6.6877,6.9513,7.0398,7.4117,4,19.5,6.5,-,393120.7
07-12-2018,4.08,3.94,4.11,6.25,6.75,6.75,8.95,6.7292,7.0157,7.1548,7.4122,4,19.5,6.5,-,393734.6
30-11-2018,4.31,4.02,4.13,6.25,6.75,6.75,8.95,6.7706,7.0587,7.2239,7.6401,4,19.5,6.5,-,393718
23-11-2018,4.38,4.05,4.13,6.25,6.75,6.75,8.95,6.8121,7.1017,7.27,7.7743,4,19.5,6.5,-,392785.2
16-11-2018,4.26,4.01,4.12,6.25,6.75,6.75,8.85,6.8951,7.1662,7.3277,7.8537,4,19.5,6.5,-,393580.2
09-11-2018,4.12,4.01,4.07,6.25,6.75,6.75,8.85,6.9366,7.2308,7.4202,7.8131,4,19.5,6.5,-,393011.3
02-11-2018,4.28,4.17,4.18,6.25,6.75,6.75,8.85,6.9366,7.2308,7.478,7.8419,4,19.5,6.5,-,393132.5
26-10-2018,4.58,4.36,4.33,6.25,6.75,6.75,8.85,6.9366,7.2092,7.4665,7.8441,4,19.5,6.5,-,392078.7
19-10-2018,5.23,4.49,4.36,6.25,6.75,6.75,8.85,6.9366,7.2308,7.5012,7.8806,4,19.5,6.5,-,393523.5
12-10-2018,4.88,4.55,4.39,6.25,6.75,6.75,8.85,6.9366,7.2954,7.5824,7.959,4,19.5,6.5,-,394465.5
05-10-2018,4.73,4.59,4.4,6.25,6.75,6.75,8.85,7.1443,7.4462,7.7683,8.0157,4,19.5,6.5,-,399609.3
28-09-2018,4.96,4.58,4.36,6.25,6.75,6.75,8.85,7.1858,7.4247,7.7334,8.0007,4,19.5,6.5,-,400525.1
21-09-2018,4.68,4.68,4.45,6.25,6.75,6.75,8.85,7.0612,7.3384,7.6636,8.026,4,19.5,6.5,-,401790.3
14-09-2018,4.85,4.65,4.48,6.25,6.75,6.75,8.85,6.9781,7.2738,7.6752,8.0732,4,19.5,6.5,-,400489.6
07-09-2018,4.51,4.42,4.27,6.25,6.75,6.75,8.85,6.8536,7.1232,7.5244,7.9764,4,19.5,6.5,-,399282.4
31-08-2018,4.4,4.34,4.22,6.25,6.75,6.75,8.75,6.8121,7.0157,7.3277,7.9517,4,19.5,6.5,-,400101.9
24-08-2018,4.62,4.45,4.38,6.25,6.75,6.75,8.75,6.8121,7.0157,7.3162,7.8556,4,19.5,6.5,-,401293.3
17-08-2018,4.44,4.56,4.27,6.25,6.75,6.75,8.75,6.7706,6.9942,7.3046,7.8488,4,19.5,6.5,-,400847.9
10-08-2018,4.52,4.35,4.35,6.25,6.75,6.75,8.75,6.6877,6.9727,7.2816,7.7379,4,19.5,6.5,-,400881.1
03-08-2018,4.54,4.54,4.42,6.25,6.75,6.75,8.75,6.7292,6.9513,7.27,7.7289,4,19.5,6.5,-,402703.4
27-07-2018,4.37,4.37,4.4,6,6.5,6.5,8.75,6.6877,6.9727,7.27,7.7507,4,19.5,6.25,-,404192.5
20-07-2018,4.18,4.3,4.3,6,6.5,6.5,8.75,6.5219,6.9298,7.2124,7.7825,4,19.5,6.25,-,405143.4
13-07-2018,4.74,4.39,4.36,6,6.5,6.5,8.75,6.5219,6.9298,7.2009,7.7988,4,19.5,6.25,-,405075.7
06-07-2018,4.36,4.38,4.38,6,6.5,6.5,8.75,6.4805,6.9083,7.1663,7.8705,4,19.5,6.25,-,405810.2
29-06-2018,4.46,4.37,4.39,6,6.5,6.5,8.7,6.5219,6.8869,7.1318,7.9821,4,19.5,6.25,-,406058.4
22-06-2018,4.07,4.28,4.31,6,6.5,6.5,8.7,6.4805,6.8869,7.0973,7.9188,4,19.5,6.25,-,407815.6
15-06-2018,4.15,4.24,4.3,6,6.5,6.5,8.7,6.5219,6.8869,7.0858,7.8891,4,19.5,6.25,-,410070.1
08-06-2018,4.09,4.24,4.27,6,6.5,6.5,8.7,6.5219,6.8225,6.9939,7.947,4,19.5,6.25,-,413109.9
01-06-2018,4.11,4.17,4.15,5.75,6.25,6.25,8.7,6.3977,6.8011,6.9251,7.9417,4,19.5,6,-,412230.4
25-05-2018,4.13,4.01,4.04,5.75,6.25,6.25,8.7,6.3977,6.8011,6.948,7.95,4,19.5,6,-,412824.1
18-05-2018,4.06,3.97,4.05,5.75,6.25,6.25,8.7,6.3149,6.6297,6.8449,7.8858,4,19.5,6,-,415053.8
11-05-2018,4.28,4.11,4.08,5.75,6.25,6.25,8.7,6.2735,6.48,6.6736,7.7892,4,19.5,6,-,417702.7
04-05-2018,4.13,3.95,3.95,5.75,6.25,6.25,8.7,6.2322,6.4159,6.6166,7.7593,4,19.5,6,-,418940
27-04-2018,4.22,3.89,3.97,5.75,6.25,6.25,8.7,6.1908,6.4159,6.628,7.7969,4,19.5,6,-,420366.3
20-04-2018,4.18,4.15,4.12,5.75,6.25,6.25,8.7,6.1081,6.3092,6.5141,7.7338,4,19.5,6,-,423582.8
13-04-2018,4.23,4.05,3.97,5.75,6.25,6.25,8.7,6.1081,6.3092,6.4914,7.4566,4,19.5,6,-,426082.4
06-04-2018,4.34,4.15,4.06,5.75,6.25,6.25,8.7,6.1081,6.3092,6.4914,7.2042,4,19.5,6,-,424864.7
30-03-2018,4.61,4.37,4.21,5.75,6.25,6.25,8.65,6.1081,6.3305,6.4914,7.4216,4,19.5,6,-,424361.1
23-03-2018,5.71,4.58,4.15,5.75,6.25,6.25,8.65,6.1495,6.3305,6.5369,7.5871,4,19.5,6,-,422532.5
16-03-2018,5.36,4.69,4.3,5.75,6.25,6.25,8.65,6.2322,6.4373,6.5938,7.5838,4,19.5,6,-,421334.9
09-03-2018,5.07,4.55,4.19,5.75,6.25,6.25,8.65,6.3149,6.5014,6.6622,7.6876,4,19.5,6,-,421487.3
02-03-2018,4.69,4.32,3.99,5.75,6.25,6.25,8.65,6.3563,6.5014,6.6622,7.7602,4,19.5,6,-,420758.4
23-02-2018,4.26,4.5,4.13,5.75,6.25,6.25,8.65,6.3563,6.48,6.6394,7.6404,4,19.5,6,-,420590.6
16-02-2018,4.32,4.76,4.52,5.75,6.25,6.25,8.65,6.36,6.48,6.58,7.56,4,19.5,6,-,421720.7
09-02-2018,4.47,4.85,4.6,5.75,6.25,6.25,8.65,6.3977,6.5,6.58,7.54,4,19.5,6,-,419760.3
02-02-2018,4.4,4.93,4.65,5.75,6.25,6.25,8.65,6.3977,6.5014,6.5824,7.5447,4,19.5,6,-,421914.9
26-01-2018,4.16,4.57,4.5,5.75,6.25,6.25,8.65,6.3977,6.4587,6.5482,7.2736,4,19.5,6,-,417789.2
19-01-2018,4.33,4.61,4.47,5.75,6.25,6.25,8.65,6.3563,6.4373,6.5482,7.2642,4,19.5,6,-,414784.5
12-01-2018,4.34,4.6,4.5,5.75,6.25,6.25,8.65,6.3149,6.3946,6.5255,7.2621,4,19.5,6,-,413825.4
05-01-2018,4.17,4.42,4.46,5.75,6.25,6.25,8.65,6.2735,6.3519,6.4914,7.079,4,19.5,6,-,411124.9
29-12-2017,4.32,4.44,4.47,5.75,6.25,6.25,8.85,6.1908,6.3305,6.4232,7.4903,4,19.5,6,-,409366.6
22-12-2017,3.84,4,4.31,5.75,6.25,6.25,8.85,6.1908,6.3304,6.4005,7.4462,4,19.5,6,-,404921.8
15-12-2017,3.84,4.09,4.46,5.75,6.25,6.25,8.85,6.1495,6.3092,6.3551,7.2915,4,19.5,6,-,401385.8
08-12-2017,3.72,3.94,4.39,5.75,6.25,6.25,8.85,6.1495,6.2665,6.2532,7.2749,4,19.5,6,-,400897.6
01-12-2017,4.28,4.1,4.52,5.75,6.25,6.25,8.85,6.1495,6.2452,6.2758,7.2509,4,19.5,6,-,401942
24-11-2017,4.26,4.08,4.39,5.75,6.25,6.25,8.95,6.1081,6.2026,6.2872,7.2051,4,19.5,6,-,400741.8
17-11-2017,4.44,4.38,4.53,5.75,6.25,6.25,8.95,6.1081,6.1821,6.2872,7.2153,4,19.5,6,-,399533.7
10-11-2017,4.43,4.46,4.55,5.75,6.25,6.25,8.95,6.1081,6.1812,6.2532,7.1226,4,19.5,6,-,399293.3
03-11-2017,4.46,4.46,4.52,5.75,6.25,6.25,8.95,6.1081,6.1812,6.25,7.12,4,19.5,6,-,398739.1
27-10-2017,4.52,4.36,4.36,5.75,6.25,6.25,8.95,6.1081,6.1812,6.2192,7,4,19.5,6,-,398761.3
20-10-2017,4.61,4.3,4.36,5.75,6.25,6.25,8.95,6.1081,6.1812,6.2192,6.9454,4,19.5,6,-,399921
13-10-2017,4.62,4.31,4.33,5.75,6.25,6.25,8.95,6.0668,6.1812,6.2192,6.9071,4,20,6,-,400296.8
